label,cost_bps,ann_return,ann_vol,sharpe,max_drawdown,calmar,hit_rate,avg_turnover,ann_cost_drag,optimizer_success_rate,fallback_rate
base,5.0,0.11198605890947613,0.07924031466183037,1.4132460148270864,-0.08185169186457264,1.3681581450358067,0.5857805255023184,0.0072535186762366305,0.0009139433532058156,1.0,0.0
x2,10.0,0.08776340593999632,0.05409927874489231,1.6222657302669188,-0.0564964125417321,1.553433253397608,0.5842349304482226,0.006022298229426503,0.0015176191538154786,1.0,0.0
x5,25.0,0.013240403969249939,0.019291692874214048,0.6863267031867134,-0.027126122171559075,0.4881052988521929,0.5703245749613601,0.0021329325701734806,0.0013437475192092927,1.0,0.0
