Asset,Weight
SPY,0.0053469160138678
QQQ,0.0097250569348658
IWM,0.0064886258718146
TLT,0.0
IEF,0.0169053083333908
GLD,1.465955130000446e-05
DBC,0.0
UUP,0.0173014032014158
__CASH__,0.9442180300933448
