group,name,policy_verdict,cash_weight,gross_risky_exposure,net_total_return,net_sharpe,net_mdd,entry_cost
algorithm,A,HOLD_DIAGNOSTIC_ONLY,0.9999999999999953,4.6804322682634685e-15,0.0,0.0,0.0,4.671684485844563e-18
algorithm,B,REJECT_RETRAIN,0.8,0.2,0.0008755037330716586,0.12762278505580482,-0.01790162330839362,0.0003
algorithm,C_fast,CONDITIONAL_PASS_PAPER_TRADING_CANDIDATE,0.9179774731710784,0.08202252682892162,0.000754315239376524,1.188198410708287,-0.0011739302353019898,8.202252682892163e-05
benchmark,SPY_100,,0.0,1.0,0.10715624689303249,3.0474357193234387,-0.06988612563881225,0.0
benchmark,EQUAL_8ETF,,0.0,1.0,0.04881610730150232,2.4484792267841673,-0.03618061820890606,0.0
benchmark,CASH_100,,1.0,0.0,0.0,0.0,0.0,0.0
