Asset,Weight
SPY,0.005346916013867851
QQQ,0.009725056934865863
IWM,0.006488625871814669
TLT,0.0
IEF,0.016905308333390896
GLD,1.465955130000446e-05
DBC,0.0
UUP,0.017301403201415887
__CASH__,0.9442180300933448
