Horizon,SPY,QQQ,IWM,TLT,IEF,GLD,DBC,UUP,__CASH__
h1,0.005346916013867851,0.009725056934865863,0.006488625871814669,0.0,0.016905308333390896,1.465955130000446e-05,0.0,0.017301403201415887,0.9442180300933448
h2,0.013573835100160516,0.020135882910602653,0.015148535796058819,0.0,0.003043795450058764,0.010647235171075188,0.012482453960860384,0.003371499244414796,0.9215967623667689
