group,name,cash_weight,gross_risky_exposure,entry_cost,gross_periods,gross_total_return,gross_ann_return,gross_ann_vol,gross_sharpe,gross_max_drawdown,gross_hit_rate,net_periods,net_total_return,net_ann_return,net_ann_vol,net_sharpe,net_max_drawdown,net_hit_rate
algorithm,A,0.9999999999993844,6.155797519406331e-13,6.155992095476413e-16,20,6.661338147750939e-15,9.423830785049605e-14,2.7980194733154332e-14,0.0,-6.994405055138486e-15,0.6,20,6.217248937900877e-15,8.648175781019577e-14,2.785650834629949e-14,0.0,-6.8833827526759706e-15,0.6
algorithm,B,0.8,0.2,0.0003,20,0.014760281260965735,0.18523878714105907,0.03319696438922645,5.579991741689954,-0.006614454685223925,0.6,20,0.01445628826127976,0.18145878714105906,0.033133861679351104,5.476536025202987,-0.006614454685224036,0.6
algorithm,C_fast,0.9018003358024093,0.09819966419759077,9.819966419759075e-05,20,0.0016137678362386776,0.02034164894367508,0.006890956801558769,2.9519338938641577,-0.0014086256947789533,0.7,20,0.001515415501937234,0.019104333174785437,0.0069032239965389364,2.7674508583762836,-0.0014086256947785092,0.65
benchmark,SPY_100,0.0,1.0,0.0,20,0.0526257322482222,0.6515770284872051,0.09513699746072528,6.84882901371983,-0.019300430077719977,0.65,20,0.0526257322482222,0.6515770284872051,0.09513699746072528,6.84882901371983,-0.019300430077719977,0.65
benchmark,EQUAL_8ETF,0.0,1.0,0.0,20,0.01868028302368896,0.23594300048265415,0.07254844704661,3.252212970610777,-0.017003341787566018,0.65,20,0.01868028302368896,0.23594300048265415,0.07254844704661,3.252212970610777,-0.017003341787566018,0.65
benchmark,CASH_100,1.0,0.0,0.0,20,0.0,0.0,0.0,0.0,0.0,0.0,20,0.0,0.0,0.0,0.0,0.0,0.0
