Regime,Probability
regime_0,1.6710122324035973e-06
regime_1,0.999800295085087
regime_2,0.00019803390268071606
