Horizon,SPY,QQQ,IWM,TLT,IEF,GLD,DBC,UUP,__CASH__
h1,0.0013792374681663618,0.0019454902941555957,0.001437545626443775,0.0,0.03469667138581196,0.0,5.441279683631257e-05,0.03478648023471048,0.9257001621938755
h2,0.0027375656223786256,0.004019341212128994,0.0032460482496429193,0.0,0.061116706955467566,0.0026378046364354053,0.002823634889083619,0.06119302283648109,0.8622258755983818
