Asset,Weight
SPY,0.0013792374681663618
QQQ,0.0019454902941555957
IWM,0.001437545626443775
TLT,0.0
IEF,0.03469667138581196
GLD,0.0
DBC,5.441279683631257e-05
UUP,0.03478648023471048
__CASH__,0.9257001621938755
