Asset,Weight
SPY,1.7366071859661924e-05
QQQ,0.00012274751479962584
IWM,3.716709974230358e-05
TLT,0.0
IEF,0.0
GLD,0.0
DBC,0.0
UUP,0.0
__CASH__,0.9998227193135985
