Horizon,SPY,QQQ,IWM,TLT,IEF,GLD,DBC,UUP,__CASH__
h1,1.7366071859661924e-05,0.00012274751479962584,3.716709974230358e-05,0.0,0.0,0.0,0.0,0.0,0.9998227193135985
h2,2.0894742376954e-05,0.0001575789389752226,4.96195287685341e-05,0.0,0.0,0.0,0.0,0.0,0.9997719067898793
